{
  "best_model": "LogisticRegression",
  "cv_results": {
    "LogisticRegression": {
      "f1_mean": 0.9895060586122764,
      "f1_std": 0.008866957118105718,
      "auc_mean": 0.9993478997289973,
      "auc_std": 0.000589133029152436,
      "accuracy_mean": 0.9854437744631334
    },
    "RandomForest": {
      "f1_mean": 0.9082808266207396,
      "f1_std": 0.017420068099142542,
      "auc_mean": 0.9016333999864299,
      "auc_std": 0.01665701580707358,
      "accuracy_mean": 0.8648894530836773
    },
    "GradientBoosting": {
      "f1_mean": 0.9187775479158393,
      "f1_std": 0.01559402733493049,
      "auc_mean": 0.9251702996595503,
      "auc_std": 0.005835575007497693,
      "accuracy_mean": 0.8823230720406221
    }
  },
  "test_metrics": {
    "auc": 1.0,
    "f1": 0.995850622406639,
    "precision": 0.9917355371900827,
    "recall": 1.0,
    "classification_report": {
      "0": {
        "precision": 1.0,
        "recall": 0.9807692307692307,
        "f1-score": 0.9902912621359223,
        "support": 52.0
      },
      "1": {
        "precision": 0.9917355371900827,
        "recall": 1.0,
        "f1-score": 0.995850622406639,
        "support": 120.0
      },
      "accuracy": 0.9941860465116279,
      "macro avg": {
        "precision": 0.9958677685950413,
        "recall": 0.9903846153846154,
        "f1-score": 0.9930709422712807,
        "support": 172.0
      },
      "weighted avg": {
        "precision": 0.9942340957140111,
        "recall": 0.9941860465116279,
        "f1-score": 0.9941698855806085,
        "support": 172.0
      }
    },
    "confusion_matrix": [
      [
        51,
        1
      ],
      [
        0,
        120
      ]
    ]
  },
  "reference_stats": {
    "genero": {
      "mean": 0.0,
      "std": 0.0,
      "min": 0.0,
      "max": 0.0,
      "q25": 0.0,
      "q75": 0.0
    },
    "pedra_22": {
      "mean": 2.571220930232558,
      "std": 0.9302534240322543,
      "min": 1.0,
      "max": 4.0,
      "q25": 2.0,
      "q75": 3.0
    },
    "inde": {
      "mean": 7.048614825581396,
      "std": 1.0275255185679169,
      "min": 3.032,
      "max": 9.442,
      "q25": 6.505,
      "q75": 7.777
    },
    "cg": {
      "mean": 426.1889534883721,
      "std": 249.33843014131813,
      "min": 1.0,
      "max": 862.0,
      "q25": 210.5,
      "q75": 643.25
    },
    "cf": {
      "mean": 74.59302325581395,
      "std": 51.76095607939186,
      "min": 1.0,
      "max": 192.0,
      "q25": 29.0,
      "q75": 115.0
    },
    "ct": {
      "mean": 6.5813953488372094,
      "std": 3.952306985817075,
      "min": 1.0,
      "max": 18.0,
      "q25": 3.0,
      "q75": 9.0
    },
    "n_av": {
      "mean": 3.063953488372093,
      "std": 0.7717595979438036,
      "min": 2.0,
      "max": 4.0,
      "q25": 2.0,
      "q75": 4.0
    },
    "iaa": {
      "mean": 8.288808139534884,
      "std": 2.0322236058309824,
      "min": 0.0,
      "max": 10.0,
      "q25": 7.9,
      "q75": 9.5
    },
    "ieg": {
      "mean": 7.924273255813953,
      "std": 1.648652856010947,
      "min": 0.0,
      "max": 10.0,
      "q25": 7.0,
      "q75": 9.2
    },
    "ips": {
      "mean": 6.897674418604652,
      "std": 1.082234654436424,
      "min": 2.5,
      "max": 10.0,
      "q25": 5.6,
      "q75": 7.5
    },
    "ida": {
      "mean": 6.1056686046511635,
      "std": 2.0767612410825373,
      "min": 0.0,
      "max": 9.9,
      "q25": 4.8,
      "q75": 7.6
    },
    "matem": {
      "mean": 5.794767441860466,
      "std": 2.4550696627969395,
      "min": 0.0,
      "max": 10.0,
      "q25": 4.2,
      "q75": 7.8
    },
    "portug": {
      "mean": 6.345784883720931,
      "std": 2.0930771647753956,
      "min": 0.0,
      "max": 10.0,
      "q25": 5.2,
      "q75": 7.8
    },
    "ipv": {
      "mean": 7.262482558139535,
      "std": 1.0830494119879388,
      "min": 2.5,
      "max": 10.0,
      "q25": 6.75,
      "q75": 7.917
    },
    "media_academica": {
      "mean": 6.070130813953488,
      "std": 2.0002942608223453,
      "min": 0.0,
      "max": 9.9,
      "q25": 4.75,
      "q75": 7.5
    },
    "inde_baixo": {
      "mean": 0.1511627906976744,
      "std": 0.3584680930734769,
      "min": 0.0,
      "max": 1.0,
      "q25": 0.0,
      "q75": 0.0
    },
    "anos_no_programa": {
      "mean": 1.5348837209302326,
      "std": 1.795661434251874,
      "min": 0.0,
      "max": 6.0,
      "q25": 0.0,
      "q75": 3.0
    }
  },
  "dataset_shape": [
    860,
    15
  ],
  "target_balance": 0.6988372093023256
}